LocationID,COUNTY,ROUTE,LOCATION,AADT_2002,AADT_2003,AADT_2004,AADT_2005,AADT_2006,AADT_2007,AADT_2008,AADT_2009,AADT_2010,AADT_2011,AADT_2012,AADT_2013,AADT_2014,AADT_2015,AADT_2016,AADT_2017,AADT_2018,AADT_2019,AADT_2020,AADT_2021,AADT_2022,AADT_2023
600000766,MECKLENBURG,I-485,BETWEEN EXIT 30 (I-85) AND EXIT 32,12000.0,17000.0,33000.0,42000.0,52000.0,60000.0,50000.0,53000.0,53000.0,51000.0,45000.0,52000.0,53000.0,89000.0,108000.0,115000.0,122000.0,113000,96500.0,6350.0,6500.0,117000
600000845,MECKLENBURG,I-485,BETWEEN EXIT 51 AND EXIT 52,39000.0,45000.0,63000.0,68000.0,68000.0,68000.0,65000.0,67000.0,64000.0,64000.0,65000.0,66000.0,70000.0,76000.0,82000.0,84000.0,86500.0,84000,68000.0,6350.0,6500.0,82000
600000846,MECKLENBURG,I-485,BETWEEN EXIT 52 AND EXIT 57,45000.0,53000.0,69000.0,72000.0,70000.0,70000.0,68000.0,70000.0,66000.0,65000.0,67000.0,67000.0,70000.0,77000.0,80000.0,81000.0,82500.0,81000,65500.0,6350.0,6500.0,79500
600000847,MECKLENBURG,I-485,BETWEEN EXIT 57 AND EXIT 59,58000.0,62000.0,78000.0,78000.0,74000.0,73000.0,73000.0,75000.0,71000.0,72000.0,69000.0,72000.0,72000.0,80000.0,84000.0,85000.0,87500.0,85500,70000.0,6350.0,6500.0,84500
600000848,MECKLENBURG,I-485,BETWEEN EXIT 59 AND EXIT 61,65000.0,72000.0,90000.0,89000.0,84000.0,82000.0,82000.0,83000.0,79000.0,81000.0,78000.0,81000.0,78000.0,89000.0,97000.0,98000.0,101000.0,96000,78500.0,6350.0,6500.0,95000
600000849,MECKLENBURG,I-485,BETWEEN EXIT 61 AND EXIT 64,83000.0,86000.0,95000.0,100000.0,96000.0,93000.0,96000.0,96000.0,92000.0,94000.0,89000.0,92000.0,90000.0,110000.0,121000.0,124000.0,128000.0,122000,100000.0,6350.0,6500.0,121000
600000850,MECKLENBURG,I-485,BETWEEN EXIT 64 AND EXIT 65,107000.0,107000.0,109000.0,124000.0,121000.0,117000.0,119000.0,120000.0,115000.0,118000.0,112000.0,116000.0,111000.0,135000.0,146000.0,149000.0,154000.0,148000,122000.0,6350.0,6500.0,148000
600000851,MECKLENBURG,I-485,BETWEEN EXIT 65 AND EXIT 67 (I-77),102000.0,101000.0,104000.0,121000.0,119000.0,116000.0,118000.0,116000.0,111000.0,116000.0,108000.0,113000.0,108000.0,133000.0,143000.0,147000.0,153000.0,147000,122000.0,6350.0,6500.0,147000
600000852,MECKLENBURG,I-485,BETWEEN EXIT 67 (I-77) AND EXIT 1,31000.0,29000.0,38000.0,70000.0,82000.0,88000.0,87000.0,86000.0,86000.0,90000.0,88000.0,93000.0,96000.0,108000.0,112000.0,121000.0,126000.0,124000,104000.0,6350.0,6500.0,125000
600001297,MECKLENBURG,I-485,BETWEEN EXIT 33 AND EXIT 36,39000.0,45000.0,38000.0,46000.0,56000.0,57000.0,50000.0,52000.0,52000.0,51000.0,47000.0,52000.0,55000.0,72000.0,81000.0,84000.0,88500.0,82000,68000.0,87000.0,6500.0,94500
600001298,MECKLENBURG,I-485,BETWEEN EXIT 36 AND EXIT 39,39000.0,45000.0,39000.0,47000.0,55000.0,55000.0,49000.0,50000.0,51000.0,50000.0,47000.0,51000.0,52000.0,67000.0,76000.0,79000.0,82500.0,76000,62000.0,6350.0,6500.0,74500
600001299,MECKLENBURG,I-485,BETWEEN EXIT 39 AND EXIT 41,39000.0,45000.0,38000.0,45000.0,53000.0,51000.0,47000.0,47000.0,47000.0,47000.0,45000.0,48000.0,51000.0,64000.0,73000.0,75000.0,78500.0,74000,59000.0,6350.0,6500.0,71500
600001300,MECKLENBURG,I-485,BETWEEN EXIT 49 AND EXIT 51,20000.0,23000.0,49000.0,54000.0,56000.0,54000.0,52000.0,53000.0,51000.0,51000.0,51000.0,50000.0,55000.0,63000.0,69000.0,70000.0,72000.0,70500,56500.0,6350.0,6500.0,68000
600001301,MECKLENBURG,I-485,BETWEEN EXIT 47 AND EXIT 49,14000.0,15000.0,45000.0,51000.0,53000.0,50000.0,49000.0,49000.0,47000.0,48000.0,46000.0,47000.0,51000.0,61000.0,66000.0,67000.0,69000.0,69000,55000.0,6350.0,6500.0,66500
600001302,MECKLENBURG,I-485,BETWEEN EXIT 1 AND EXIT 3,11000.0,12000.0,14000.0,48000.0,62000.0,66000.0,65000.0,67000.0,67000.0,70000.0,68000.0,76000.0,77000.0,90000.0,96000.0,106000.0,110000.0,112000,94000.0,6350.0,6500.0,113000
600001303,MECKLENBURG,I-485,BETWEEN EXIT 32 AND EXIT 33,15000.0,14000.0,39000.0,49000.0,56000.0,63000.0,55000.0,56000.0,57000.0,56000.0,51000.0,56000.0,60000.0,85000.0,101000.0,107000.0,113000.0,101000,85500.0,6350.0,6500.0,103000
600001306,MECKLENBURG,I-485,BETWEEN EXIT 41 AND EXIT 43,39000.0,45000.0,36000.0,40000.0,47000.0,43000.0,40000.0,40000.0,39000.0,40000.0,38000.0,40000.0,43000.0,55000.0,61000.0,63000.0,65000.0,61500,48500.0,6350.0,6500.0,58500
600001307,MECKLENBURG,I-485,BETWEEN EXIT 43 AND EXIT 44,39000.0,45000.0,36000.0,42000.0,49000.0,44000.0,42000.0,43000.0,42000.0,43000.0,41000.0,42000.0,46000.0,57000.0,63000.0,66000.0,68000.0,64500,51000.0,6350.0,6500.0,61500
600001308,MECKLENBURG,I-485,BETWEEN EXIT 44 AND EXIT 47,39000.0,45000.0,39000.0,45000.0,50000.0,45000.0,44000.0,45000.0,43000.0,44000.0,42000.0,43000.0,48000.0,57000.0,62000.0,63000.0,65500.0,66500,52500.0,6350.0,6500.0,63500
600001309,MECKLENBURG,I-485,BETWEEN EXIT 3 AND EXIT 4,39000.0,45000.0,39000.0,47000.0,61000.0,65000.0,64000.0,65000.0,67000.0,70000.0,69000.0,76000.0,79000.0,93000.0,100000.0,110000.0,115000.0,116000,97000.0,6350.0,6500.0,117000
600001310,MECKLENBURG,I-485,BETWEEN EXIT 6 AND EXIT 9,39000.0,45000.0,39000.0,48000.0,62000.0,69000.0,68000.0,69000.0,72000.0,78000.0,78000.0,84000.0,88000.0,105000.0,110000.0,124000.0,130000.0,129000,108000.0,6350.0,6500.0,130000
600001311,MECKLENBURG,I-485,BETWEEN EXIT 9 AND EXIT 10,39000.0,45000.0,39000.0,40000.0,49000.0,59000.0,60000.0,62000.0,66000.0,71000.0,70000.0,77000.0,79000.0,93000.0,96000.0,111000.0,116000.0,115000,96500.0,6350.0,6500.0,116000
600001313,MECKLENBURG,I-485,BETWEEN EXIT 10 AND EXIT 12,39000.0,45000.0,39000.0,48500.0,58500.0,25000.0,39000.0,44000.0,50000.0,54000.0,55000.0,57000.0,59000.0,75000.0,81000.0,90000.0,94000.0,91000,76000.0,6350.0,6500.0,92000
600001314,MECKLENBURG,I-485,BETWEEN EXIT 12 AND EXIT 14,39000.0,45000.0,39000.0,48500.0,58500.0,22000.0,35000.0,40000.0,46000.0,51000.0,51000.0,52000.0,54000.0,68000.0,74000.0,82000.0,85500.0,85500,72000.0,84000.0,6500.0,91500
600001315,MECKLENBURG,I-485,BETWEEN EXIT 14 AND EXIT 16,39000.0,45000.0,39000.0,48500.0,58500.0,15000.0,29000.0,34000.0,41000.0,46000.0,45000.0,47000.0,48000.0,66000.0,73000.0,82000.0,84000.0,83000,70000.0,6350.0,6500.0,84500
600001321,MECKLENBURG,I-485,BETWEEN EXIT 21 AND EXIT 23C,39000.0,45000.0,39000.0,48500.0,58500.0,62000.0,19000.0,24000.0,27000.0,31000.0,27000.0,34000.0,37000.0,56000.0,65000.0,83000.0,84500.0,75000,64000.0,6350.0,6500.0,77500
600001322,MECKLENBURG,I-485,BETWEEN EXIT 16 AND EXIT 21,39000.0,45000.0,39000.0,48500.0,58500.0,62000.0,24000.0,31000.0,36000.0,41000.0,39000.0,41000.0,42000.0,65000.0,73000.0,83000.0,83000.0,81500,69000.0,84500.0,6500.0,91500
600001323,MECKLENBURG,I-485,BETWEEN EXIT 4 AND EXIT 6,39000.0,45000.0,39000.0,48500.0,58500.0,62000.0,52000.0,5350.0,5200.0,77000.0,77000.0,83000.0,86000.0,104000.0,109000.0,122000.0,128000.0,129000,107000.0,6350.0,6500.0,130000
600001575,MECKLENBURG,I-485,BETWEEN EXIT 23C AND EXIT 26,39000.0,45000.0,39000.0,48500.0,58500.0,62000.0,52000.0,5350.0,5200.0,5200.0,5600.0,6100.0,6300.0,64000.0,85000.0,85000.0,88500.0,100000,85500.0,6350.0,6500.0,103000
600001576,MECKLENBURG,I-485,BETWEEN EXIT 26 AND EXIT 28,39000.0,45000.0,39000.0,48500.0,58500.0,62000.0,52000.0,5350.0,5200.0,5200.0,5600.0,6100.0,6300.0,56000.0,77000.0,86000.0,92000.0,93000,79500.0,100000.0,6500.0,109000
600001577,MECKLENBURG,I-485,BETWEEN EXIT 28 AND EXIT 30,39000.0,45000.0,39000.0,48500.0,58500.0,62000.0,52000.0,5350.0,5200.0,5200.0,5600.0,6100.0,6300.0,56000.0,81000.0,90000.0,96000.0,98500,84500.0,6350.0,6500.0,102000
600001649,MECKLENBURG,I-485,BETWEEN WESTINGHOUSE BLVD EB AND I-485,39000.0,45000.0,39000.0,48500.0,58500.0,62000.0,52000.0,4400.0,3100.0,3000.0,3100.0,3000.0,3200.0,3400.0,3800.0,3900.0,3900.0,4100,79265.625,4100.0,4300.0,4200
600001650,MECKLENBURG,I-485,BETWEEN WESTINGHOUSE BLVD WB AND I-485,39000.0,45000.0,39000.0,48500.0,58500.0,62000.0,52000.0,2600.0,2500.0,2600.0,2700.0,2300.0,3200.0,2800.0,3400.0,3800.0,4000.0,3600,79265.625,3700.0,4100.0,4200
600001652,MECKLENBURG,I-485,BETWEEN I-485 AND WESTINGHOUSE BLVD,39000.0,45000.0,39000.0,48500.0,58500.0,62000.0,52000.0,15000.0,15000.0,15000.0,15000.0,16000.0,17000.0,15000.0,16000.0,14000.0,16500.0,17000,79265.625,18000.0,17500.0,18500
600001662,MECKLENBURG,I-485,BETWEEN I-485 OUTER AND I-77 SB,39000.0,45000.0,39000.0,48500.0,58500.0,62000.0,52000.0,14000.0,14000.0,15000.0,16000.0,17000.0,18000.0,17000.0,21000.0,21000.0,22500.0,23000,79265.625,22500.0,23000.0,24000
600001663,MECKLENBURG,I-485,BETWEEN I-485 OUTER AND I-77 NB,39000.0,45000.0,39000.0,48500.0,58500.0,62000.0,52000.0,9100.0,8800.0,9100.0,8700.0,9900.0,10000.0,9000.0,9700.0,10000.0,7800.0,9300,79265.625,9800.0,9300.0,8800
600001664,MECKLENBURG,I-485,BETWEEN I-485 OUTER AND I-77,39000.0,45000.0,39000.0,48500.0,58500.0,62000.0,52000.0,23000.0,22000.0,5200.0,24000.0,27000.0,29000.0,27000.0,29000.0,30000.0,7800.0,32000,79265.625,31500.0,6500.0,31500
600001665,MECKLENBURG,I-485,BETWEEN I-77 SB AND I-485 OUTER,39000.0,45000.0,39000.0,48500.0,58500.0,62000.0,52000.0,21000.0,19000.0,20000.0,18000.0,21000.0,20000.0,22000.0,24000.0,24000.0,7800.0,23000,79265.625,21500.0,22500.0,23000
600001666,MECKLENBURG,I-485,BETWEEN I-77 NB AND I-485 INNER,39000.0,45000.0,39000.0,48500.0,58500.0,62000.0,52000.0,13000.0,13000.0,14000.0,15000.0,16000.0,18000.0,18000.0,12000.0,20000.0,7800.0,22500,79265.625,20500.0,22500.0,22500
600001667,MECKLENBURG,I-485,BETWEEN I-77 NB AND I-485 OUTER,39000.0,45000.0,39000.0,48500.0,58500.0,62000.0,52000.0,13000.0,11000.0,14000.0,12000.0,12000.0,12000.0,14000.0,16000.0,17000.0,7800.0,17000,79265.625,17000.0,17500.0,17000
600001668,MECKLENBURG,I-485,BETWEEN I-485 INNER AND I-77,39000.0,45000.0,39000.0,48500.0,58500.0,62000.0,52000.0,37000.0,34000.0,36000.0,35000.0,36000.0,36000.0,38000.0,41000.0,44000.0,7800.0,45000,79265.625,39000.0,39000.0,40000
600001669,MECKLENBURG,I-485,BETWEEN I-485 INNER AND I-77 SB,39000.0,45000.0,39000.0,48500.0,58500.0,62000.0,52000.0,15000.0,15000.0,15000.0,15000.0,15000.0,15000.0,17000.0,19000.0,21000.0,7800.0,20500,79265.625,19000.0,18500.0,20000
600001670,MECKLENBURG,I-485,BETWEEN I-485 INNER AND I-77 NB,39000.0,45000.0,39000.0,48500.0,58500.0,62000.0,52000.0,22000.0,21000.0,22000.0,22000.0,22000.0,22000.0,23000.0,24000.0,25000.0,24000.0,23500,79265.625,21000.0,20500.0,21000
600001671,MECKLENBURG,I-485,BETWEEN I-77 SB AND I-485 INNER,39000.0,45000.0,39000.0,48500.0,58500.0,62000.0,52000.0,7800.0,8300.0,8000.0,7400.0,8800.0,8900.0,8100.0,8500.0,8700.0,9000.0,8200,79265.625,8100.0,8100.0,8100
600001672,MECKLENBURG,I-485,BETWEEN I-485 AND I-77,39000.0,45000.0,39000.0,48500.0,58500.0,62000.0,52000.0,31000.0,29000.0,30000.0,28000.0,32000.0,31000.0,31000.0,33000.0,34000.0,7800.0,32000,79265.625,30000.0,28500.0,30000
600001795,MECKLENBURG,I-485,BETWEEN I-485 OUTER AND I-85 SB,39000.0,45000.0,39000.0,48500.0,58500.0,62000.0,52000.0,13000.0,14000.0,12000.0,13000.0,14000.0,13000.0,14000.0,17000.0,17000.0,7800.0,17000,79265.625,16500.0,17000.0,18000
600001796,MECKLENBURG,I-485,BETWEEN I-485 OUTER AND I-85 NB,39000.0,45000.0,39000.0,48500.0,58500.0,62000.0,52000.0,11000.0,12500.0,9600.0,9800.0,9800.0,9300.0,12000.0,14000.0,13000.0,13500.0,14000,79265.625,14500.0,13000.0,16000
600001803,MECKLENBURG,I-485,BETWEEN I-485 OUTER AND US 29,39000.0,45000.0,39000.0,48500.0,58500.0,62000.0,52000.0,5500.0,6300.0,6700.0,7600.0,7700.0,6400.0,5100.0,5800.0,7400.0,6200.0,6200,79265.625,5600.0,5400.0,5600
600001804,MECKLENBURG,I-485,BETWEEN US 29 NB AND I-485 INNER,39000.0,45000.0,39000.0,48500.0,58500.0,62000.0,52000.0,3000.0,3200.0,3400.0,3800.0,3500.0,3100.0,2500.0,2900.0,2800.0,2800.0,2300,79265.625,2100.0,2400.0,2800
600001805,MECKLENBURG,I-485,BETWEEN US 29 AND I-485 OUTER,39000.0,45000.0,39000.0,48500.0,58500.0,62000.0,52000.0,3300.0,3600.0,3900.0,5600.0,4500.0,5300.0,7700.0,9800.0,11000.0,11000.0,11000,79265.625,13000.0,13000.0,13000
600001806,MECKLENBURG,I-485,BETWEEN I-485 INNER AND US 29,39000.0,45000.0,39000.0,48500.0,58500.0,62000.0,52000.0,3400.0,4000.0,4200.0,5600.0,4600.0,4100.0,6800.0,9100.0,10000.0,7800.0,11500,79265.625,11000.0,12500.0,13000
600001807,MECKLENBURG,I-485,BETWEEN US 29 SB AND I-485 INNER,39000.0,45000.0,39000.0,48500.0,58500.0,62000.0,52000.0,2200.0,2400.0,3000.0,3700.0,3500.0,3900.0,2600.0,2900.0,3300.0,3100.0,2500,79265.625,3600.0,3200.0,3200
600001808,MECKLENBURG,I-485,BETWEEN NC 49 AND I-485 OUTER,39000.0,45000.0,39000.0,48500.0,58500.0,62000.0,52000.0,6300.0,7300.0,6800.0,7100.0,5900.0,8400.0,12000.0,15000.0,17000.0,7800.0,16500,79265.625,17000.0,16500.0,16500
600001809,MECKLENBURG,I-485,BETWEEN I-485 INNER AND NC 49,39000.0,45000.0,39000.0,48500.0,58500.0,62000.0,52000.0,6600.0,5400.0,6800.0,7000.0,6300.0,8500.0,11000.0,15000.0,17000.0,16000.0,13500,79265.625,15500.0,16500.0,17000
600001810,MECKLENBURG,I-485,BETWEEN NC 49 AND I-485 INNER,39000.0,45000.0,39000.0,48500.0,58500.0,62000.0,52000.0,4700.0,4700.0,4700.0,5000.0,4800.0,5200.0,5400.0,5700.0,6200.0,7800.0,4800,79265.625,5000.0,4900.0,4800
600001811,MECKLENBURG,I-485,BETWEEN I-485 OUTER AND NC 49,39000.0,45000.0,39000.0,48500.0,58500.0,62000.0,52000.0,5100.0,5000.0,4900.0,5500.0,5200.0,5800.0,5700.0,6000.0,5900.0,7800.0,6300,79265.625,5600.0,5800.0,5600
600001812,MECKLENBURG,I-485,BETWEEN SR 2802 AND I-485 OUTER,39000.0,45000.0,39000.0,48500.0,58500.0,62000.0,52000.0,3600.0,3700.0,3600.0,4000.0,3900.0,4900.0,6400.0,7000.0,7700.0,7800.0,8300,79265.625,7800.0,8000.0,9300
600001813,MECKLENBURG,I-485,BETWEEN I-485 OUTER AND SR 2802,39000.0,45000.0,39000.0,48500.0,58500.0,62000.0,52000.0,3200.0,3800.0,3200.0,3800.0,3600.0,3700.0,3700.0,3800.0,4600.0,4200.0,4100,79265.625,3800.0,3600.0,4200
600001814,MECKLENBURG,I-485,BETWEEN SR 2802 AND I-485 INNER,39000.0,45000.0,39000.0,48500.0,58500.0,62000.0,52000.0,3200.0,3900.0,3400.0,4100.0,3700.0,3700.0,3700.0,3800.0,4400.0,4200.0,4200,79265.625,4000.0,3800.0,4500
600001815,MECKLENBURG,I-485,BETWEEN I-485 INNER AND SR 2802,39000.0,45000.0,39000.0,48500.0,58500.0,62000.0,52000.0,3500.0,3600.0,3400.0,3700.0,3800.0,5100.0,6400.0,6800.0,7400.0,7800.0,8300,79265.625,7500.0,7500.0,8800
600001816,MECKLENBURG,I-485,BETWEEN SR 2805 AND I-485 OUTER,39000.0,45000.0,39000.0,48500.0,58500.0,62000.0,52000.0,3400.0,3800.0,3300.0,4000.0,3400.0,3500.0,4300.0,4900.0,5300.0,5400.0,5400,79265.625,5900.0,5900.0,6000
600001817,MECKLENBURG,I-485,BETWEEN I-485 OUTER AND SR 2805,39000.0,45000.0,39000.0,48500.0,58500.0,62000.0,52000.0,2600.0,2300.0,2600.0,3200.0,2800.0,2800.0,3100.0,3600.0,3700.0,4100.0,3900,79265.625,4200.0,4300.0,4500
600001818,MECKLENBURG,I-485,BETWEEN SR 2805 AND I-485 INNER,39000.0,45000.0,39000.0,48500.0,58500.0,62000.0,52000.0,2600.0,2300.0,2500.0,2900.0,2800.0,2800.0,3000.0,3500.0,3500.0,4000.0,4000,79265.625,4300.0,4200.0,4500
600001819,MECKLENBURG,I-485,BETWEEN I-485 INNER AND SR 2805,39000.0,45000.0,39000.0,48500.0,58500.0,62000.0,52000.0,3600.0,4100.0,3600.0,4100.0,3500.0,3400.0,4800.0,5600.0,5900.0,6100.0,6000,79265.625,6500.0,6600.0,6700
600001820,MECKLENBURG,I-485,BETWEEN NC 24-27 AND I-485 OUTER,39000.0,45000.0,39000.0,48500.0,58500.0,62000.0,52000.0,5400.0,5400.0,5200.0,5900.0,5800.0,6100.0,7100.0,10000.0,9900.0,7800.0,10500,79265.625,9500.0,10500.0,11000
600001821,MECKLENBURG,I-485,BETWEEN I-485 INNER AND NC 24-27,39000.0,45000.0,39000.0,48500.0,58500.0,62000.0,52000.0,5100.0,5300.0,5200.0,5600.0,5400.0,6200.0,7200.0,8700.0,9600.0,9600.0,9700,79265.625,9600.0,10000.0,11000
600001822,MECKLENBURG,I-485,BETWEEN NC 24-27 AND I-485 INNER,39000.0,45000.0,39000.0,48500.0,58500.0,62000.0,52000.0,2000.0,1900.0,2100.0,2300.0,2100.0,2200.0,2800.0,2800.0,3400.0,7800.0,3000,79265.625,3300.0,3300.0,3600
600001823,MECKLENBURG,I-485,BETWEEN I-485 OUTER AND NC 24-27,39000.0,45000.0,39000.0,48500.0,58500.0,62000.0,52000.0,2000.0,2000.0,1900.0,2300.0,2100.0,2100.0,2700.0,2800.0,3200.0,2900.0,2700,79265.625,3200.0,3300.0,3600
600001824,MECKLENBURG,I-485,BETWEEN NC 51 AND I-485 OUTER,39000.0,45000.0,39000.0,48500.0,58500.0,62000.0,52000.0,1400.0,1400.0,1500.0,1700.0,1700.0,1800.0,2100.0,2500.0,3000.0,7800.0,3100,79265.625,2800.0,2900.0,3300
600001825,MECKLENBURG,I-485,BETWEEN I-485 OUTER AND NC 51,39000.0,45000.0,39000.0,48500.0,58500.0,62000.0,52000.0,3000.0,2900.0,2900.0,3200.0,3100.0,3000.0,3200.0,3900.0,4600.0,4600.0,4600,79265.625,4400.0,4700.0,5000
600001826,MECKLENBURG,I-485,BETWEEN I-485 INNER AND NC 51,39000.0,45000.0,39000.0,48500.0,58500.0,62000.0,52000.0,1400.0,1400.0,1500.0,5600.0,1600.0,1900.0,2200.0,2500.0,3000.0,2800.0,2800,79265.625,2600.0,2600.0,3000
600001827,MECKLENBURG,I-485,BETWEEN NC 51 AND I-485 INNER,39000.0,45000.0,39000.0,48500.0,58500.0,62000.0,52000.0,2800.0,2700.0,2700.0,3200.0,2800.0,2900.0,3000.0,3500.0,4300.0,4300.0,4100,79265.625,4300.0,4800.0,4800
600001828,MECKLENBURG,I-485,BETWEEN I-485 INNER AND NC 218,39000.0,45000.0,39000.0,48500.0,58500.0,62000.0,52000.0,2200.0,2300.0,2300.0,2500.0,2400.0,2300.0,3200.0,4400.0,6100.0,5500.0,3100,79265.625,4000.0,3900.0,4300
600001829,MECKLENBURG,I-485,BETWEEN NC 218 AND I-485 INNER,39000.0,45000.0,39000.0,48500.0,58500.0,62000.0,52000.0,3300.0,3300.0,3200.0,3500.0,3200.0,3400.0,3400.0,3800.0,4600.0,4600.0,3800,79265.625,4200.0,4200.0,4400
600001830,MECKLENBURG,I-485,BETWEEN NC 218 AND I-485 OUTER,39000.0,45000.0,39000.0,48500.0,58500.0,62000.0,52000.0,2400.0,2600.0,2600.0,3100.0,2900.0,2600.0,3500.0,4500.0,5900.0,7800.0,3100,79265.625,4100.0,4200.0,4700
600001831,MECKLENBURG,I-485,BETWEEN I-485 OUTER AND NC 218,39000.0,45000.0,39000.0,48500.0,58500.0,62000.0,52000.0,3200.0,3200.0,3200.0,3400.0,3100.0,3100.0,3300.0,3900.0,4600.0,4500.0,4500,79265.625,4000.0,4200.0,4300
600001832,MECKLENBURG,I-485,BETWEEN I-485 INNER AND SR 1004,39000.0,45000.0,39000.0,48500.0,58500.0,62000.0,52000.0,2400.0,2400.0,2300.0,2600.0,2600.0,2700.0,2800.0,3300.0,3400.0,3700.0,3300,79265.625,3400.0,3700.0,3700
600001833,MECKLENBURG,I-485,BETWEEN SR 1004 AND I-485 OUTER,39000.0,45000.0,39000.0,48500.0,58500.0,62000.0,52000.0,2600.0,2400.0,2300.0,2500.0,2500.0,2600.0,3000.0,3400.0,3600.0,3700.0,3300,79265.625,3700.0,3900.0,3900
600001834,MECKLENBURG,I-485,BETWEEN I-485 OUTER AND SR 1004,39000.0,45000.0,39000.0,48500.0,58500.0,62000.0,52000.0,4400.0,4400.0,4300.0,4500.0,4600.0,4400.0,4300.0,5200.0,4800.0,5800.0,5000,79265.625,4000.0,4300.0,4300
600001835,MECKLENBURG,I-485,BETWEEN SR 1004  AND I-485 INNER,39000.0,45000.0,39000.0,48500.0,58500.0,62000.0,52000.0,4400.0,4700.0,4200.0,4500.0,4300.0,4300.0,4300.0,4800.0,5300.0,5000.0,4400,79265.625,4100.0,4300.0,4400
600001836,MECKLENBURG,I-485,BETWEEN SR 3174 AND I-485 OUTER,39000.0,45000.0,39000.0,48500.0,58500.0,62000.0,52000.0,3400.0,3200.0,3100.0,2900.0,3400.0,3400.0,3500.0,4100.0,4900.0,5200.0,4400,79265.625,4400.0,4600.0,5000
600001837,MECKLENBURG,I-485,BETWEEN I-485 INNER AND SR 3174,39000.0,45000.0,39000.0,48500.0,58500.0,62000.0,52000.0,3300.0,3400.0,3200.0,2900.0,3500.0,3400.0,3800.0,4300.0,5400.0,5600.0,4900,79265.625,4700.0,4800.0,5700
600001838,MECKLENBURG,I-485,BETWEEN I-485 OUTER AND SR 3174,39000.0,45000.0,39000.0,48500.0,58500.0,62000.0,52000.0,5400.0,4900.0,4900.0,4900.0,5400.0,5000.0,5200.0,5800.0,6900.0,6800.0,5600,79265.625,4400.0,4900.0,5000
600001839,MECKLENBURG,I-485,BETWEEN SR 3174 AND I-485 INNER,39000.0,45000.0,39000.0,48500.0,58500.0,62000.0,52000.0,5100.0,5000.0,4900.0,4900.0,5300.0,5200.0,4000.0,5700.0,6200.0,6300.0,5200,79265.625,4400.0,4800.0,4900
600001840,MECKLENBURG,I-485,BETWEEN US 74 AND I-485 OUTER,39000.0,45000.0,39000.0,48500.0,58500.0,62000.0,52000.0,9900.0,9100.0,9100.0,9000.0,9900.0,11000.0,11000.0,13000.0,13000.0,7800.0,13500,79265.625,13500.0,15000.0,15500
600001841,MECKLENBURG,I-485,BETWEEN I-485 OUTER AND US 74,39000.0,45000.0,39000.0,48500.0,58500.0,62000.0,52000.0,16000.0,15000.0,5200.0,15000.0,17000.0,17000.0,17000.0,19000.0,17000.0,20000.0,20500,79265.625,6350.0,14000.0,14500
600001842,MECKLENBURG,I-485,BETWEEN US 74 AND I-485 INNER,39000.0,45000.0,39000.0,48500.0,58500.0,62000.0,52000.0,16000.0,16000.0,15000.0,15000.0,18000.0,17000.0,16000.0,19000.0,19000.0,20000.0,20000,79265.625,21000.0,22500.0,24000
600001843,MECKLENBURG,I-485,BETWEEN I-485 INNER AND US 74 WB,39000.0,45000.0,39000.0,48500.0,58500.0,62000.0,52000.0,5500.0,5100.0,4900.0,5200.0,5500.0,5800.0,6100.0,7300.0,7500.0,7500.0,6000,79265.625,5400.0,5300.0,5600
600001844,MECKLENBURG,I-485,BETWEEN I-485 INNER AND US 74 EB,39000.0,45000.0,39000.0,48500.0,58500.0,62000.0,52000.0,3700.0,3500.0,3700.0,3600.0,3900.0,4400.0,4900.0,5400.0,4300.0,5100.0,7400,79265.625,8300.0,8100.0,8500
600001845,MECKLENBURG,I-485,BETWEEN US 74 WB AND I-485 OUTER,39000.0,45000.0,39000.0,48500.0,58500.0,62000.0,52000.0,3900.0,3900.0,4000.0,4000.0,4100.0,4700.0,5500.0,5600.0,4700.0,4800.0,6900,79265.625,8200.0,8400.0,8800
600001846,MECKLENBURG,I-485,BETWEEN US 74 WB AND I-485,39000.0,45000.0,39000.0,48500.0,58500.0,62000.0,52000.0,13000.0,13000.0,13000.0,12000.0,13000.0,14000.0,14000.0,15000.0,14000.0,14500.0,19000,79265.625,21500.0,23000.0,24500
600001847,MECKLENBURG,I-485,BETWEEN I-485 OUTER AND US 74 WB,39000.0,45000.0,39000.0,48500.0,58500.0,62000.0,52000.0,6700.0,6600.0,7000.0,6900.0,7700.0,7400.0,7200.0,9400.0,9200.0,10000.0,8600,79265.625,6300.0,6400.0,6700
600001848,MECKLENBURG,I-485,BETWEEN US 74 EB AND I-485 OUTER,39000.0,45000.0,39000.0,48500.0,58500.0,62000.0,52000.0,5700.0,5200.0,5100.0,5200.0,5800.0,5900.0,6300.0,8000.0,7900.0,7800.0,6500,79265.625,5600.0,5800.0,6200
600001849,MECKLENBURG,I-485,BETWEEN I-485 OUTER AND US 74 EB,39000.0,45000.0,39000.0,48500.0,58500.0,62000.0,52000.0,9400.0,8400.0,8800.0,8700.0,9400.0,9300.0,9800.0,10000.0,8400.0,9900.0,12500,79265.625,13000.0,14500.0,15500
600001850,MECKLENBURG,I-485,BETWEEN US 74 EB AND I-485 INNER,39000.0,45000.0,39000.0,48500.0,58500.0,62000.0,52000.0,7500.0,7500.0,7300.0,7400.0,8500.0,8000.0,7700.0,9700.0,10000.0,10500.0,9100,79265.625,7700.0,8100.0,8600
600001851,MECKLENBURG,I-485,BETWEEN I-485 OUTER AND SR 1010,39000.0,45000.0,39000.0,48500.0,58500.0,62000.0,52000.0,7500.0,7000.0,7000.0,6900.0,7600.0,7300.0,7100.0,6600.0,7200.0,8600.0,8200,79265.625,7400.0,7600.0,8000
600001852,MECKLENBURG,I-485,BETWEEN SR 1010 AND I-485 INNER,39000.0,45000.0,39000.0,48500.0,58500.0,62000.0,52000.0,6600.0,6000.0,5900.0,6000.0,6400.0,6200.0,6200.0,7000.0,6800.0,7400.0,6600,79265.625,5800.0,6200.0,6500
600001853,MECKLENBURG,I-485,BETWEEN SR 1010 AND I-485 OUTER,39000.0,45000.0,39000.0,48500.0,58500.0,62000.0,52000.0,5600.0,5200.0,5200.0,5400.0,5900.0,6600.0,6400.0,8000.0,9100.0,10000.0,8500,79265.625,7100.0,7600.0,8000
600001854,MECKLENBURG,I-485,BETWEEN I-485 INNER AND SR 1010,39000.0,45000.0,39000.0,48500.0,58500.0,62000.0,52000.0,6100.0,5700.0,5700.0,5600.0,6400.0,6800.0,6900.0,8600.0,9900.0,7800.0,9300,79265.625,8800.0,9100.0,9600
600001855,MECKLENBURG,I-485,BETWEEN I-485 OUTER AND NC 16,39000.0,45000.0,39000.0,48500.0,58500.0,62000.0,52000.0,11000.0,10000.0,11000.0,11000.0,12000.0,12000.0,11000.0,12000.0,14000.0,15000.0,14500,79265.625,13500.0,14500.0,14500
600001856,MECKLENBURG,I-485,BETWEEN NC 16 SB AND I-485 INNER,39000.0,45000.0,39000.0,48500.0,58500.0,62000.0,52000.0,6900.0,6200.0,5900.0,5600.0,6400.0,5800.0,6300.0,7700.0,7500.0,7800.0,7100,79265.625,5400.0,6500.0,6600
600001857,MECKLENBURG,I-485,BETWEEN I-485 INNER AND NC 16,39000.0,45000.0,39000.0,48500.0,58500.0,62000.0,52000.0,7900.0,7600.0,8400.0,8500.0,9900.0,11000.0,9800.0,11000.0,12000.0,13000.0,12000,79265.625,10500.0,11500.0,11500
600001858,MECKLENBURG,I-485,BETWEEN NC 16 NB AND I-485 OUTER,39000.0,45000.0,39000.0,48500.0,58500.0,62000.0,52000.0,4300.0,4100.0,5000.0,5100.0,6100.0,6800.0,6600.0,8000.0,8400.0,7800.0,9300,79265.625,8500.0,9300.0,9400
600001859,MECKLENBURG,I-485,BETWEEN REA RD SB AND I-485 INNER,39000.0,45000.0,39000.0,48500.0,58500.0,62000.0,52000.0,2400.0,2100.0,2100.0,2300.0,2300.0,2100.0,2700.0,3900.0,3900.0,4400.0,4100,79265.625,3300.0,3600.0,3300
600001860,MECKLENBURG,I-485,BETWEEN REA RD NB AND I-485 INNER,39000.0,45000.0,39000.0,48500.0,58500.0,62000.0,52000.0,8000.0,7500.0,7800.0,8100.0,7900.0,7400.0,8000.0,9700.0,9200.0,7800.0,8500,79265.625,7300.0,8100.0,7800
600001861,MECKLENBURG,I-485,BETWEEN REA RD SB AND I-485 OUTER,39000.0,45000.0,39000.0,48500.0,58500.0,62000.0,52000.0,2000.0,1800.0,2000.0,2200.0,2200.0,2400.0,2200.0,2600.0,2400.0,7800.0,2600,79265.625,2300.0,2300.0,2400
600001862,MECKLENBURG,I-485,BETWEEN I-485 OUTER AND REA RD,39000.0,45000.0,39000.0,48500.0,58500.0,62000.0,52000.0,11000.0,10000.0,10000.0,11000.0,11000.0,9700.0,11000.0,13000.0,12000.0,7800.0,13000,79265.625,11000.0,12000.0,11500
600001863,MECKLENBURG,I-485,BETWEEN I-485 INNER AND REA RD,39000.0,45000.0,39000.0,48500.0,58500.0,62000.0,52000.0,6200.0,5800.0,5500.0,5900.0,6200.0,6500.0,6300.0,6200.0,5800.0,5800.0,5900,79265.625,4600.0,5200.0,5700
600001864,MECKLENBURG,I-485,BETWEEN REA RD NB AND I-485 OUTER,39000.0,45000.0,39000.0,48500.0,58500.0,62000.0,52000.0,4200.0,3900.0,5200.0,4100.0,4200.0,4100.0,4300.0,4900.0,4600.0,7800.0,5400,79265.625,3400.0,3400.0,3400
600001865,MECKLENBURG,I-485,BETWEEN I-485 OUTER AND US 521/JOHNSTON RD,39000.0,45000.0,39000.0,48500.0,58500.0,62000.0,52000.0,17000.0,16000.0,16000.0,17000.0,18000.0,16000.0,20000.0,23000.0,24000.0,25000.0,23500,79265.625,19000.0,20000.0,21000
600001866,MECKLENBURG,I-485,BETWEEN US 521 NB AND I-485 OUTER,39000.0,45000.0,39000.0,48500.0,58500.0,62000.0,52000.0,6600.0,6200.0,6500.0,7000.0,7700.0,7500.0,6700.0,7900.0,7500.0,7800.0,7300,79265.625,6200.0,6500.0,6900
600001867,MECKLENBURG,I-485,BETWEEN US 521/JOHNSTON RD AND I-485 INNER,39000.0,45000.0,39000.0,48500.0,58500.0,62000.0,52000.0,16000.0,15000.0,16000.0,16000.0,16000.0,16000.0,20000.0,25000.0,25000.0,25000.0,26000,79265.625,19000.0,21000.0,21500
600001868,MECKLENBURG,I-485,BETWEEN I-485 INNER AND US 521 SB,39000.0,45000.0,39000.0,48500.0,58500.0,62000.0,52000.0,5700.0,5000.0,5400.0,5600.0,6100.0,5100.0,5600.0,6800.0,6600.0,6100.0,6300,79265.625,5700.0,5700.0,5900
600001869,MECKLENBURG,I-485,BETWEEN I-485 INNER AND JOHNSTON RD NB,39000.0,45000.0,39000.0,48500.0,58500.0,62000.0,52000.0,4100.0,3600.0,4000.0,4000.0,4100.0,4500.0,4400.0,5300.0,5400.0,5700.0,5300,79265.625,4400.0,5300.0,5400
600001870,MECKLENBURG,I-485,BETWEEN JOHNSTON RD SB AND I-485 OUTER,39000.0,45000.0,39000.0,48500.0,58500.0,62000.0,52000.0,3200.0,3100.0,3300.0,3500.0,3500.0,3400.0,2900.0,3300.0,3000.0,2200.0,2800,79265.625,2400.0,3000.0,2800
600001871,MECKLENBURG,I-485,BETWEEN NC 51 AND I-485 INNER,39000.0,45000.0,39000.0,48500.0,58500.0,62000.0,52000.0,21000.0,20000.0,21000.0,22000.0,25000.0,21000.0,21000.0,24000.0,23000.0,23000.0,23500,79265.625,21000.0,22000.0,22000
600001872,MECKLENBURG,I-485,BETWEEN I-485 INNER AND NC 51 SB,39000.0,45000.0,39000.0,48500.0,58500.0,62000.0,52000.0,3800.0,3600.0,3300.0,3700.0,5300.0,5000.0,3900.0,5600.0,4900.0,5000.0,4700,79265.625,4200.0,4700.0,4700
600001873,MECKLENBURG,I-485,BETWEEN I-485 INNER AND NC 51 NB,39000.0,45000.0,39000.0,48500.0,58500.0,62000.0,52000.0,2700.0,2500.0,2500.0,2800.0,3200.0,2500.0,3000.0,3800.0,4700.0,3800.0,3500,79265.625,3100.0,3200.0,3200
600001874,MECKLENBURG,I-485,BETWEEN NC 51 AND I-485 OUTER,39000.0,45000.0,39000.0,48500.0,58500.0,62000.0,52000.0,8000.0,7800.0,8200.0,8600.0,10000.0,7800.0,7700.0,9800.0,8800.0,9500.0,8700,79265.625,8200.0,8200.0,8600
600001875,MECKLENBURG,I-485,BETWEEN I-485 OUTER AND NC 51 NB,39000.0,45000.0,39000.0,48500.0,58500.0,62000.0,52000.0,12000.0,11000.0,11000.0,12000.0,12000.0,10000.0,13000.0,15000.0,15000.0,7800.0,15000,79265.625,14000.0,14500.0,14500
600001876,MECKLENBURG,I-485,BETWEEN I-485 OUTER AND NC 51 SB,39000.0,45000.0,39000.0,48500.0,58500.0,62000.0,52000.0,5300.0,5100.0,4800.0,4900.0,7000.0,4800.0,5400.0,6900.0,5800.0,5700.0,6000,79265.625,4700.0,5000.0,4800
600001877,MECKLENBURG,I-485,BETWEEN I-485 OUTER AND  SR 4982 NB,39000.0,45000.0,39000.0,48500.0,58500.0,62000.0,52000.0,3900.0,3700.0,3800.0,4100.0,3800.0,3300.0,4300.0,5500.0,5200.0,7800.0,5200,79265.625,4200.0,4500.0,4600
600001878,MECKLENBURG,I-485,BETWEEN  SR 4982 AND I-485 OUTER,39000.0,45000.0,39000.0,48500.0,58500.0,62000.0,52000.0,9800.0,9600.0,9500.0,10000.0,11000.0,10000.0,8800.0,11000.0,9900.0,7800.0,9600,79265.625,8700.0,8900.0,9200
600001879,MECKLENBURG,I-485,BETWEEN I-485 OUTER AND SR 4982 SB,39000.0,45000.0,39000.0,48500.0,58500.0,62000.0,52000.0,4400.0,4200.0,4500.0,4700.0,4400.0,5100.0,4500.0,5200.0,5200.0,5300.0,5300,79265.625,5000.0,5300.0,5500
600001880,MECKLENBURG,I-485,BETWEEN SR 3998 AND I-485 INNER,39000.0,45000.0,39000.0,48500.0,58500.0,62000.0,52000.0,4800.0,4600.0,4400.0,4800.0,5100.0,4700.0,5000.0,6000.0,5300.0,5600.0,5700,79265.625,5000.0,5100.0,5300
600001881,MECKLENBURG,I-485,BETWEEN  SR 4982 AND I-485 INNER,39000.0,45000.0,39000.0,48500.0,58500.0,62000.0,52000.0,4000.0,4000.0,4100.0,4300.0,4600.0,4200.0,4100.0,4000.0,4200.0,7800.0,4100,79265.625,3900.0,5600.0,4200
600001882,MECKLENBURG,I-485,BETWEEN I-485 INNER AND SR 3998,39000.0,45000.0,39000.0,48500.0,58500.0,62000.0,52000.0,9200.0,8800.0,8900.0,9600.0,9900.0,9100.0,9600.0,12000.0,11000.0,11000.0,10500,79265.625,9400.0,9600.0,10500
600001883,MECKLENBURG,I-485,BETWEEN NC 49 NB AND I-485 OUTER,39000.0,45000.0,39000.0,48500.0,58500.0,62000.0,52000.0,9200.0,8800.0,9000.0,9400.0,9400.0,9700.0,9600.0,10000.0,9500.0,9500.0,9500,79265.625,8900.0,8800.0,9100
600001884,MECKLENBURG,I-485,BETWEEN NC 49 SB AND I-485 OUTER,39000.0,45000.0,39000.0,48500.0,58500.0,62000.0,52000.0,4400.0,4100.0,4100.0,4000.0,3900.0,5100.0,5100.0,3900.0,3900.0,7800.0,3600,79265.625,3000.0,3400.0,3700
600001885,MECKLENBURG,I-485,BETWEEN I-485 OUTER AND NC 49,39000.0,45000.0,39000.0,48500.0,58500.0,62000.0,52000.0,4000.0,4100.0,4300.0,3500.0,5400.0,6400.0,5500.0,6100.0,6500.0,6600.0,6700,79265.625,5700.0,6100.0,6100
600001886,MECKLENBURG,I-485,BETWEEN NC 49 AND I-485 INNER,39000.0,45000.0,39000.0,48500.0,58500.0,62000.0,52000.0,4200.0,4100.0,5200.0,4800.0,5300.0,5200.0,5600.0,6200.0,6700.0,7100.0,6800,79265.625,6400.0,6400.0,6300
600001887,MECKLENBURG,I-485,BETWEEN I-485 INNER AND NC 49,39000.0,45000.0,39000.0,48500.0,58500.0,62000.0,52000.0,13000.0,12000.0,12000.0,13000.0,12000.0,13000.0,13000.0,13000.0,13000.0,12500.0,12500,79265.625,10500.0,11000.0,11500
600001888,MECKLENBURG,I-485,BETWEEN I-485 INNER AND SR 1143,39000.0,45000.0,39000.0,48500.0,58500.0,62000.0,52000.0,3600.0,3500.0,3600.0,3700.0,4000.0,3900.0,4000.0,4700.0,5800.0,5600.0,5400,79265.625,4300.0,4500.0,5100
600001889,MECKLENBURG,I-485,BETWEEN SR 1143 AND I-485 OUTER,39000.0,45000.0,39000.0,48500.0,58500.0,62000.0,52000.0,4600.0,3700.0,3700.0,3700.0,5000.0,4100.0,4500.0,4700.0,5400.0,5400.0,5500,79265.625,4700.0,4800.0,5000
600001890,MECKLENBURG,I-485,BETWEEN SR 1143 AND I-485 INNER,39000.0,45000.0,39000.0,48500.0,58500.0,62000.0,52000.0,4300.0,3900.0,4100.0,4200.0,4800.0,5300.0,5800.0,6900.0,7700.0,7700.0,7800,79265.625,5600.0,6100.0,6500
600001891,MECKLENBURG,I-485,BETWEEN I-485 OUTER AND SR 1143,39000.0,45000.0,39000.0,48500.0,58500.0,62000.0,52000.0,2100.0,3800.0,4100.0,4300.0,5000.0,5500.0,5500.0,6600.0,7000.0,7400.0,7100,79265.625,5500.0,5900.0,6200
600001892,MECKLENBURG,I-485,BETWEEN NC 160 EB AND I-485 OUTER,39000.0,45000.0,39000.0,48500.0,58500.0,62000.0,52000.0,1600.0,2100.0,1900.0,2100.0,2400.0,3100.0,3500.0,4500.0,4800.0,5300.0,5400,79265.625,5200.0,5000.0,5200
600001893,MECKLENBURG,I-485,BETWEEN NC 160 EB AND I-485 INNER,39000.0,45000.0,39000.0,48500.0,58500.0,62000.0,52000.0,4900.0,4900.0,6000.0,6500.0,7300.0,8200.0,8900.0,9400.0,10000.0,11000.0,11500,79265.625,11000.0,11500.0,11500
600001894,MECKLENBURG,I-485,BETWEEN I-485 INNER AND NC 160,39000.0,45000.0,39000.0,48500.0,58500.0,62000.0,52000.0,4700.0,4300.0,4100.0,3800.0,4500.0,5300.0,5900.0,7500.0,7900.0,9500.0,8600,79265.625,7400.0,8000.0,8800
600001895,MECKLENBURG,I-485,BETWEEN NC 160 WB AND I-485 INNER,39000.0,45000.0,39000.0,48500.0,58500.0,62000.0,52000.0,1800.0,1900.0,1400.0,1400.0,1500.0,1700.0,1800.0,2400.0,3000.0,2800.0,3300,79265.625,2200.0,3200.0,3800
600001896,MECKLENBURG,I-485,BETWEEN I-485 OUTER AND NC 160,39000.0,45000.0,39000.0,48500.0,58500.0,62000.0,52000.0,6200.0,7300.0,7100.0,6900.0,7400.0,9300.0,10000.0,11000.0,12000.0,13000.0,14500,79265.625,13500.0,14000.0,14500
600001897,MECKLENBURG,I-485,BETWEEN NC 160 WB AND I-485 OUTER,39000.0,45000.0,39000.0,48500.0,58500.0,62000.0,52000.0,2300.0,2100.0,1600.0,1500.0,1400.0,1700.0,1600.0,1700.0,2600.0,2100.0,1700,79265.625,1400.0,1500.0,1600
600001898,MECKLENBURG,I-485,BETWEEN I-485 OUTER AND US 29-74,39000.0,45000.0,39000.0,48500.0,58500.0,62000.0,52000.0,2400.0,2700.0,5200.0,3200.0,3400.0,3700.0,3700.0,3500.0,4000.0,7800.0,4600,79265.625,4500.0,4700.0,5500
600001899,MECKLENBURG,I-485,BETWEEN US 29-74 AND I-485 OUTER,39000.0,45000.0,39000.0,48500.0,58500.0,62000.0,52000.0,5800.0,6000.0,6300.0,6700.0,6600.0,7600.0,8400.0,9200.0,9800.0,10000.0,10500,79265.625,9500.0,9800.0,11000
600001900,MECKLENBURG,I-485,BETWEEN I-85/US 29-74 AND I-485 OUTER,39000.0,45000.0,39000.0,48500.0,58500.0,62000.0,52000.0,26000.0,26000.0,27000.0,27000.0,26000.0,26000.0,34000.0,45000.0,35000.0,7800.0,37500,79265.625,36000.0,35000.0,38500
600001901,MECKLENBURG,I-485,BETWEEN US 29-74 AND I-485 INNER,39000.0,45000.0,39000.0,48500.0,58500.0,62000.0,52000.0,2300.0,2600.0,2600.0,3000.0,3000.0,3100.0,3500.0,3300.0,3900.0,7800.0,4400,79265.625,4600.0,4400.0,5800
600001902,MECKLENBURG,I-485,BETWEEN I-485 INNER AND US 29-74,39000.0,45000.0,39000.0,48500.0,58500.0,62000.0,52000.0,6600.0,7300.0,6900.0,7900.0,8000.0,9500.0,9500.0,9900.0,10000.0,7800.0,11500,79265.625,11000.0,12500.0,14000
600001903,MECKLENBURG,I-485,BETWEEN I-85 AND I-485 OUTER C-D,39000.0,45000.0,39000.0,48500.0,58500.0,62000.0,52000.0,22000.0,23000.0,5200.0,24000.0,26000.0,28000.0,14000.0,28000.0,31000.0,32000.0,32500,79265.625,29500.0,30500.0,35000
600001904,MECKLENBURG,I-485,BETWEEN I-485 INNER C-D AND I-85,39000.0,45000.0,39000.0,48500.0,58500.0,62000.0,52000.0,22000.0,23000.0,23000.0,23000.0,26000.0,30000.0,29000.0,27000.0,31000.0,7800.0,32500,79265.625,30500.0,30500.0,31500
600001912,MECKLENBURG,I-485,BETWEEN I-485 OUTER AND I-85 SB,39000.0,45000.0,39000.0,48500.0,58500.0,62000.0,52000.0,7100.0,7000.0,8500.0,9100.0,8900.0,10000.0,11000.0,12000.0,13000.0,13500.0,13000,79265.625,13000.0,11500.0,10500
600001913,MECKLENBURG,I-485,BETWEEN I-485 OUTER AND I-85/US 29-74,39000.0,45000.0,39000.0,48500.0,58500.0,62000.0,52000.0,12000.0,13000.0,13000.0,14000.0,15000.0,16000.0,18000.0,18000.0,18000.0,7800.0,21500,79265.625,18500.0,19500.0,19000
600001914,MECKLENBURG,I-485,BETWEEN I-85 AND I-485 INNER,39000.0,45000.0,39000.0,48500.0,58500.0,62000.0,52000.0,11000.0,11000.0,11000.0,14000.0,14000.0,15000.0,16000.0,16000.0,19000.0,19500.0,20000,79265.625,19000.0,18500.0,23000
600001915,MECKLENBURG,I-485,BETWEEN US 29-74 AND I-485 INNER,39000.0,45000.0,39000.0,48500.0,58500.0,62000.0,52000.0,1600.0,1700.0,1700.0,2000.0,2300.0,2300.0,2700.0,2300.0,2800.0,2800.0,2900,79265.625,2600.0,2800.0,3300
600001917,MECKLENBURG,I-485,BETWEEN I-85 SB AND I-485 INNER,39000.0,45000.0,39000.0,48500.0,58500.0,62000.0,52000.0,3100.0,3000.0,3000.0,3300.0,3800.0,3800.0,4200.0,4000.0,5000.0,5600.0,5500,79265.625,5000.0,5100.0,5900
600001918,MECKLENBURG,I-485,BETWEEN SR 1601 AND I-485 INNER,39000.0,45000.0,39000.0,48500.0,58500.0,62000.0,52000.0,1300.0,1300.0,1400.0,1500.0,1700.0,1900.0,2000.0,2500.0,2400.0,3200.0,3600,79265.625,3900.0,3900.0,4300
600001919,MECKLENBURG,I-485,BETWEEN I-485 INNER AND SR 1601,39000.0,45000.0,39000.0,48500.0,58500.0,62000.0,52000.0,3800.0,3700.0,3800.0,5600.0,4500.0,4300.0,5100.0,5600.0,6400.0,7200.0,7000,79265.625,7100.0,7300.0,8000
600001920,MECKLENBURG,I-485,BETWEEN SR 1601 AND I-485 OUTER,39000.0,45000.0,39000.0,48500.0,58500.0,62000.0,52000.0,3400.0,3300.0,3300.0,3800.0,4100.0,4700.0,4700.0,4800.0,5300.0,5900.0,5600,79265.625,5900.0,5800.0,5800
600001921,MECKLENBURG,I-485,BETWEEN I-485 OUTER AND SR 1601,39000.0,45000.0,39000.0,48500.0,58500.0,62000.0,52000.0,1300.0,1300.0,1400.0,1600.0,1800.0,1900.0,2000.0,2000.0,1900.0,7800.0,4300,79265.625,5000.0,5500.0,6500
600001922,MECKLENBURG,I-485,BETWEEN NC 27 AND I-485 OUTER,39000.0,45000.0,39000.0,48500.0,58500.0,62000.0,52000.0,4400.0,4400.0,4600.0,4900.0,5300.0,5700.0,5400.0,5200.0,5700.0,5700.0,5600,79265.625,5800.0,5600.0,5800
600001923,MECKLENBURG,I-485,BETWEEN I-485 OUTER AND NC 27,39000.0,45000.0,39000.0,48500.0,58500.0,62000.0,52000.0,1700.0,1700.0,1900.0,2000.0,2300.0,2500.0,3600.0,3900.0,4200.0,7800.0,4500,79265.625,5000.0,5000.0,5800
600001924,MECKLENBURG,I-485,BETWEEN NC 27 AND I-485 INNER,39000.0,45000.0,39000.0,48500.0,58500.0,62000.0,52000.0,1700.0,1900.0,1900.0,2200.0,2400.0,2600.0,3700.0,3800.0,4500.0,7800.0,5000,79265.625,5000.0,5000.0,5600
600001925,MECKLENBURG,I-485,BETWEEN I-485 INNER AND NC 27,39000.0,45000.0,39000.0,48500.0,58500.0,62000.0,52000.0,4500.0,4400.0,4600.0,4700.0,5000.0,5500.0,5200.0,4900.0,5200.0,5600.0,5500,79265.625,5900.0,5600.0,6200
600001972,MECKLENBURG,I-485,BETWEEN I-77/NC 115 AND I-485 OUTER,39000.0,45000.0,39000.0,48500.0,58500.0,62000.0,52000.0,11000.0,12000.0,14000.0,14000.0,16000.0,16000.0,16000.0,16000.0,17000.0,17000.0,18500,79265.625,19500.0,16000.0,20000
600001973,MECKLENBURG,I-485,BETWEEN I-485 INNER AND I-77,39000.0,45000.0,39000.0,48500.0,58500.0,62000.0,52000.0,9000.0,9900.0,11000.0,11000.0,12000.0,14000.0,12000.0,17000.0,12000.0,13500.0,15500,79265.625,15000.0,15000.0,15000
600001980,MECKLENBURG,I-485,BETWEEN I-485 INNER AND NC 115,39000.0,45000.0,39000.0,48500.0,58500.0,62000.0,52000.0,1900.0,2300.0,2600.0,2700.0,3300.0,3600.0,2800.0,2800.0,3500.0,3600.0,3300,79265.625,3300.0,3600.0,4000
600001981,MECKLENBURG,I-485,BETWEEN I-485 INNER /I-77 AND NC 115,39000.0,45000.0,39000.0,48500.0,58500.0,62000.0,52000.0,4600.0,5600.0,6200.0,6200.0,8200.0,8700.0,5800.0,6100.0,7300.0,7800.0,7000,79265.625,6400.0,7400.0,8000
600001982,MECKLENBURG,I-485,BETWEEN NC 115 AND I-485 OUTER/I-77,39000.0,45000.0,39000.0,48500.0,58500.0,62000.0,52000.0,4300.0,5200.0,5900.0,6000.0,7500.0,8400.0,5900.0,6000.0,6700.0,6800.0,6600,79265.625,6200.0,7200.0,7800
600001985,MECKLENBURG,I-485,BETWEEN NC 24 EB AND I-485 OUTER,39000.0,45000.0,39000.0,48500.0,58500.0,62000.0,52000.0,930.0,1100.0,1400.0,1600.0,1800.0,2100.0,2300.0,2500.0,3400.0,2500.0,2200,79265.625,2300.0,2200.0,2800
600001986,MECKLENBURG,I-485,BETWEEN NC 24 WB AND I-485 OUTER,39000.0,45000.0,39000.0,48500.0,58500.0,62000.0,52000.0,3400.0,3800.0,4400.0,4900.0,5900.0,6500.0,6000.0,5900.0,7000.0,7800.0,7000,79265.625,5500.0,5400.0,5800
600001987,MECKLENBURG,I-485,BETWEEN I-485 OUTER AND NC 24,39000.0,45000.0,39000.0,48500.0,58500.0,62000.0,52000.0,860.0,950.0,1100.0,1300.0,1200.0,1400.0,4100.0,4700.0,5300.0,7800.0,5800,79265.625,5900.0,5900.0,6300
600001988,MECKLENBURG,I-485,BETWEEN NC 24 AND I-485 INNER,39000.0,45000.0,39000.0,48500.0,58500.0,62000.0,52000.0,920.0,940.0,1000.0,1100.0,1300.0,1300.0,3900.0,4400.0,5000.0,5200.0,5600,79265.625,5300.0,5500.0,5900
600001989,MECKLENBURG,I-485,BETWEEN I-485 INNER AND NC 24,39000.0,45000.0,39000.0,48500.0,58500.0,62000.0,52000.0,4800.0,5400.0,6700.0,7500.0,8900.0,9700.0,9200.0,9600.0,10000.0,11000.0,10500,79265.625,9100.0,8800.0,9800
600001990,MECKLENBURG,I-485,BETWEEN NC 16 SB AND I-485 OUTER,39000.0,45000.0,39000.0,48500.0,58500.0,62000.0,52000.0,5000.0,5000.0,6000.0,6500.0,7200.0,7900.0,7600.0,7700.0,8100.0,8500.0,8300,79265.625,9200.0,9000.0,9700
600001991,MECKLENBURG,I-485,BETWEEN NC 16 EB AND I-485 INNER,39000.0,45000.0,39000.0,48500.0,58500.0,62000.0,52000.0,2400.0,2400.0,3100.0,3400.0,3700.0,4000.0,5800.0,6100.0,7500.0,8100.0,7900,79265.625,8700.0,8400.0,9400
600001992,MECKLENBURG,I-485,BETWEEN I-485 OUTER AND NC 16,39000.0,45000.0,39000.0,48500.0,58500.0,62000.0,52000.0,3400.0,3500.0,4200.0,4200.0,4700.0,4900.0,7400.0,7800.0,8500.0,7800.0,9700,79265.625,10500.0,10500.0,11000
600001993,MECKLENBURG,I-485,BETWEEN NC 16 WB AND I-485 INNER,39000.0,45000.0,39000.0,48500.0,58500.0,62000.0,52000.0,830.0,900.0,970.0,1100.0,1200.0,1300.0,1700.0,1800.0,1900.0,2300.0,2100,79265.625,2300.0,2100.0,2100
600001994,MECKLENBURG,I-485,BETWEEN I-485 INNER AND NC 16,39000.0,45000.0,39000.0,48500.0,58500.0,62000.0,52000.0,6100.0,6300.0,6800.0,7300.0,8100.0,8700.0,8700.0,9200.0,9800.0,9600.0,11000,79265.625,10500.0,10000.0,10000
600001995,MECKLENBURG,I-485,BETWEEN NC 16 NB AND I-485 OUTER,39000.0,45000.0,39000.0,48500.0,58500.0,62000.0,52000.0,1200.0,1000.0,1100.0,1200.0,1300.0,1300.0,1400.0,1300.0,1200.0,1100.0,1100,79265.625,1200.0,1100.0,1000
600001996,MECKLENBURG,I-485,BETWEEN SR 1148 AND I-485 INNER,39000.0,45000.0,39000.0,48500.0,58500.0,62000.0,52000.0,5350.0,5200.0,1800.0,2200.0,3200.0,3800.0,3700.0,4300.0,4500.0,5000.0,4500,79265.625,3800.0,4600.0,4800
600001997,MECKLENBURG,I-485,BETWEEN I-485 OUTER AND SR 1148,39000.0,45000.0,39000.0,48500.0,58500.0,62000.0,52000.0,5350.0,5200.0,1800.0,2400.0,3300.0,3600.0,3400.0,3600.0,3500.0,3700.0,3600,79265.625,3300.0,3500.0,3700
600001998,MECKLENBURG,I-485,BETWEEN I-485 INNER AND SR 1148,39000.0,45000.0,39000.0,48500.0,58500.0,62000.0,52000.0,5350.0,5200.0,1200.0,1600.0,2500.0,2600.0,2800.0,2900.0,3100.0,3300.0,3200,79265.625,3100.0,3000.0,3200
600001999,MECKLENBURG,I-485,BETWEEN SR 1148 AND I-485 OUTER,39000.0,45000.0,39000.0,48500.0,58500.0,62000.0,52000.0,5350.0,5200.0,1200.0,1700.0,2300.0,2700.0,2800.0,3100.0,3200.0,3300.0,4300,79265.625,2800.0,3000.0,3200
600002003,MECKLENBURG,I-485,BETWEEN US 521 NB AND I-485 INNER,39000.0,45000.0,39000.0,48500.0,58500.0,62000.0,52000.0,5350.0,5200.0,5200.0,5600.0,6100.0,13000.0,17000.0,21000.0,20000.0,20500.0,21000,79265.625,15500.0,17500.0,18000
600002011,MECKLENBURG,I-485,BETWEEN I-485 INNER AND I-85 SB,39000.0,45000.0,39000.0,48500.0,58500.0,62000.0,52000.0,5350.0,5200.0,5200.0,5600.0,6100.0,6300.0,4300.0,6500.0,7500.0,8000.0,9100,79265.625,7500.0,7800.0,8900
600002012,MECKLENBURG,I-485,BETWEEN I-485 INNER AND I-85 NB,39000.0,45000.0,39000.0,48500.0,58500.0,62000.0,52000.0,5350.0,5200.0,5200.0,5600.0,6100.0,6300.0,8400.0,12000.0,12000.0,7800.0,15000,79265.625,16500.0,17000.0,17500
600002013,MECKLENBURG,I-485,BETWEEN NC 115 AND I-485 INNER,39000.0,45000.0,39000.0,48500.0,58500.0,62000.0,52000.0,5350.0,5200.0,5200.0,5600.0,6100.0,6300.0,6100.0,7800.0,8800.0,9700.0,9400,79265.625,8900.0,9800.0,11000
600002014,MECKLENBURG,I-485,BETWEEN I-485 OUTTER AND NC 115,39000.0,45000.0,39000.0,48500.0,58500.0,62000.0,52000.0,5350.0,5200.0,5200.0,5600.0,6100.0,6300.0,6500.0,8400.0,9300.0,10000.0,9900,79265.625,9200.0,10000.0,10500
600002015,MECKLENBURG,I-485,BETWEEN I-485 INNER AND BENFIELD RD,39000.0,45000.0,39000.0,48500.0,58500.0,62000.0,52000.0,5350.0,5200.0,5200.0,5600.0,6100.0,6300.0,7800.0,10000.0,11000.0,11000.0,12000,79265.625,13000.0,13500.0,14500
600002016,MECKLENBURG,I-485,BETWEEN BENFIELD RD AND I-485 OUTTER,39000.0,45000.0,39000.0,48500.0,58500.0,62000.0,52000.0,5350.0,5200.0,5200.0,5600.0,6100.0,6300.0,7800.0,4900.0,11000.0,11500.0,12000,79265.625,13000.0,13000.0,13500
600002017,MECKLENBURG,I-485,BETWEEN PROSPERITY RIDGE AND I-485 INNER,39000.0,45000.0,39000.0,48500.0,58500.0,62000.0,52000.0,5350.0,5200.0,5200.0,5600.0,6100.0,6300.0,3900.0,5900.0,6200.0,6700.0,7300,79265.625,7800.0,7500.0,8700
600002018,MECKLENBURG,I-485,BETWEEN I-485 OUTER AND PROSPERITY RIDGE RD,39000.0,45000.0,39000.0,48500.0,58500.0,62000.0,52000.0,5350.0,5200.0,5200.0,5600.0,6100.0,6300.0,3800.0,5500.0,5900.0,6600.0,7500,79265.625,6350.0,7500.0,8000
600002019,MECKLENBURG,I-485,BETWEEN I-485 INNER AND SR 2467,39000.0,45000.0,39000.0,48500.0,58500.0,62000.0,52000.0,5350.0,5200.0,5200.0,5600.0,6100.0,6300.0,3500.0,5500.0,5600.0,6400.0,7000,79265.625,7100.0,7200.0,7700
600002020,MECKLENBURG,I-485,BETWEEN SR 2467 (MALLARD CREEK RD) AND I-485 INNER,39000.0,45000.0,39000.0,48500.0,58500.0,62000.0,52000.0,5350.0,5200.0,5200.0,5600.0,6100.0,6300.0,4600.0,6800.0,7400.0,8000.0,8500,79265.625,7900.0,7500.0,8300
600002021,MECKLENBURG,I-485,BETWEEN I-485 OUTTER AND SR 2467,39000.0,45000.0,39000.0,48500.0,58500.0,62000.0,52000.0,5350.0,5200.0,5200.0,5600.0,6100.0,6300.0,3000.0,6500.0,7000.0,7600.0,7900,79265.625,8500.0,7400.0,8200
600002022,MECKLENBURG,I-485,BETWEEN SR 2467 AND I-485 OUTTER,39000.0,45000.0,39000.0,48500.0,58500.0,62000.0,52000.0,5350.0,5200.0,5200.0,5600.0,6100.0,6300.0,3100.0,4700.0,5300.0,6100.0,4000,79265.625,7300.0,6600.0,7500
600002023,MECKLENBURG,I-485,BETWEEN I-485OUTTER/I-77 AND I-485 INNER,39000.0,45000.0,39000.0,48500.0,58500.0,62000.0,52000.0,5350.0,5200.0,5200.0,5600.0,6100.0,6300.0,13000.0,17000.0,13000.0,7800.0,21500,79265.625,22500.0,23500.0,24500
600002025,MECKLENBURG,I-485,BETWEEN NC 16 SB AND I-485 OUTER,39000.0,45000.0,39000.0,48500.0,58500.0,62000.0,52000.0,3700.0,3600.0,3200.0,3200.0,3300.0,3400.0,3400.0,3800.0,3400.0,3500.0,3300,79265.625,2700.0,3100.0,3300
600002026,MECKLENBURG,I-485,BETWEEN NC 16 NB AND I-485 INNER,39000.0,45000.0,39000.0,48500.0,58500.0,62000.0,52000.0,4400.0,4400.0,5600.0,5600.0,6200.0,6200.0,6700.0,9000.0,6400.0,7800.0,9800,79265.625,9300.0,10500.0,11000
600002144,MECKLENBURG,I-485,BETWEEN NC 115 AND I-77,39000.0,45000.0,39000.0,48500.0,58500.0,62000.0,52000.0,5350.0,5200.0,5200.0,5600.0,6100.0,6300.0,6400.0,14000.0,7800.0,7800.0,14500,79265.625,28500.0,29500.0,31500
600002168,MECKLENBURG,I-485,BETWEEN I-485 AND OAKDALE RD,39000.0,45000.0,39000.0,48500.0,58500.0,62000.0,52000.0,5350.0,5200.0,5200.0,5600.0,6100.0,6300.0,6400.0,7700.0,7800.0,4400.0,3200,79265.625,3900.0,3900.0,4300
600002169,MECKLENBURG,I-485,BETWEEN SR 2042 (OAKDALE RD) AND I-485,39000.0,45000.0,39000.0,48500.0,58500.0,62000.0,52000.0,5350.0,5200.0,5200.0,5600.0,6100.0,6300.0,6400.0,7700.0,7800.0,2900.0,3300,79265.625,3400.0,3500.0,4400
600002170,MECKLENBURG,I-485,BETWEEN I-485 AND SR 2042 (OAKDALE RD),39000.0,45000.0,39000.0,48500.0,58500.0,62000.0,52000.0,5350.0,5200.0,5200.0,5600.0,6100.0,6300.0,6400.0,7700.0,7800.0,3200.0,3600,79265.625,3400.0,3800.0,3900
600002171,MECKLENBURG,I-485,BETWEEN SR 2042 (OAKDALE RD) AND I-485,39000.0,45000.0,39000.0,48500.0,58500.0,62000.0,52000.0,5350.0,5200.0,5200.0,5600.0,6100.0,6300.0,6400.0,7700.0,7800.0,3900.0,3600,79265.625,3500.0,3300.0,4200
600002174,MECKLENBURG,I-485,BETWEEN EXIT 16 AND EXIT 18,39000.0,45000.0,39000.0,48500.0,58500.0,62000.0,52000.0,5350.0,5200.0,5200.0,5600.0,6100.0,6300.0,6400.0,7700.0,7800.0,84500.0,82000,69000.0,6350.0,6500.0,83500
